スタッフNO,生年月日,スタッフ氏名,ステータス,メールアドレス１
201868,1990/9/26,test1,1,shu0603n+1@gmail.com
201869,1998/1/14,test2,1,shu0603n+2@gmail.com
201870,1987/8/31,test3,1,shu0603n+3@gmail.com
201871,1949/7/28,test4,1,shu0603n+4@gmail.com
201872,1998/8/22,test5,1,shu0603n+5@gmail.com
201873,1995/1/11,test6,1,shu0603n+6@gmail.com
201874,1957/5/14,test7,1,shu0603n+7@gmail.com
201875,1955/3/30,test8,1,shu0603n+8@gmail.com
201876,1997/8/18,test9,1,shu0603n+9@gmail.com
201877,1994/6/8,test10,1,shu0603n+10@gmail.com
201878,1980/5/21,test11,1,shu0603n+11@gmail.com
201879,1956/5/2,test12,3,shu0603n+12@gmail.com
201880,1999/9/1,test13,1,shu0603n+13@gmail.com
201881,1968/3/19,test14,1,shu0603n+14@gmail.com
201882,1958/3/31,test15,1,shu0603n+15@gmail.com
201883,1962/6/3,test16,1,shu0603n+16@gmail.com
201884,1971/6/7,test17,3,shu0603n+17@gmail.com
201885,1957/8/9,test18,3,shu0603n+18@gmail.com
201886,1984/7/10,test19,1,shu0603n+19@gmail.com
201887,1992/8/8,test20,1,shu0603n+20@gmail.com
201888,1991/8/29,test21,1,shu0603n+21@gmail.com
201889,1992/3/19,test22,1,shu0603n+22@gmail.com
201890,1980/4/4,test23,1,shu0603n+23@gmail.com
201891,1967/10/24,test24,1,shu0603n+24@gmail.com
201892,2000/5/31,test25,1,shu0603n+25@gmail.com
201893,1972/5/17,test26,1,shu0603n+26@gmail.com
201894,1957/7/20,test27,1,shu0603n+27@gmail.com
201895,1955/5/24,test28,1,shu0603n+28@gmail.com
201896,1989/7/28,test29,1,shu0603n+29@gmail.com
201897,1980/10/15,test30,6,shu0603n+30@gmail.com
201898,2001/2/26,test31,1,shu0603n+31@gmail.com
201899,1975/5/4,test32,3,shu0603n+32@gmail.com
201900,2003/1/1,test33,1,shu0603n+33@gmail.com
201901,1968/12/24,test34,1,shu0603n+34@gmail.com
201902,1960/5/14,test35,6,shu0603n+35@gmail.com
201903,1961/10/8,test36,1,shu0603n+36@gmail.com
201904,1994/6/4,test37,4,shu0603n+37@gmail.com
201905,1990/4/11,test38,1,shu0603n+38@gmail.com
201906,2004/11/26,test39,1,shu0603n+39@gmail.com
201907,1997/7/29,test40,3,shu0603n+40@gmail.com
201908,2002/5/18,test41,1,shu0603n+41@gmail.com
201909,2003/12/7,test42,1,shu0603n+42@gmail.com
201910,1995/9/12,test43,1,shu0603n+43@gmail.com
201911,1995/4/1,test44,1,shu0603n+44@gmail.com
201912,1987/12/24,test45,6,shu0603n+45@gmail.com
201913,2002/12/19,test46,1,shu0603n+46@gmail.com
201914,1989/5/23,test47,1,shu0603n+47@gmail.com
201915,2002/4/15,test48,1,shu0603n+48@gmail.com
201916,1998/2/24,test49,3,shu0603n+49@gmail.com
201917,1988/1/1,test50,1,shu0603n+50@gmail.com
201918,2003/4/21,test51,1,shu0603n+51@gmail.com
201919,2004/2/16,test52,1,shu0603n+52@gmail.com
201920,1981/9/25,test53,1,shu0603n+53@gmail.com
201921,1994/1/23,test54,6,shu0603n+54@gmail.com
201922,1975/3/15,test55,1,shu0603n+55@gmail.com
201923,1999/11/22,test56,1,shu0603n+56@gmail.com
201924,2004/9/6,test57,1,shu0603n+57@gmail.com
201925,1999/11/3,test58,1,shu0603n+58@gmail.com
201926,2001/2/24,test59,5,shu0603n+59@gmail.com
201927,1976/9/29,test60,1,shu0603n+60@gmail.com
201928,1981/5/11,test61,1,shu0603n+61@gmail.com
201929,1997/5/20,test62,1,shu0603n+62@gmail.com
201930,2003/10/1,test63,6,shu0603n+63@gmail.com
201931,1966/6/25,test64,1,shu0603n+64@gmail.com
201932,1998/10/4,test65,1,shu0603n+65@gmail.com
201933,1965/9/20,test66,1,shu0603n+66@gmail.com
201934,1999/10/26,test67,1,shu0603n+67@gmail.com
201935,2003/3/23,test68,1,shu0603n+68@gmail.com
201936,2003/11/26,test69,1,shu0603n+69@gmail.com
201937,1970/1/1,test70,1,shu0603n+70@gmail.com
201938,1984/9/19,test71,1,shu0603n+71@gmail.com
201939,1996/7/5,test72,1,shu0603n+72@gmail.com
201940,2004/3/22,test73,1,shu0603n+73@gmail.com
201941,1966/8/28,test74,1,shu0603n+74@gmail.com
201942,1968/12/26,test75,1,shu0603n+75@gmail.com
201943,2003/6/12,test76,1,shu0603n+76@gmail.com
201944,1964/5/15,test77,1,shu0603n+77@gmail.com
201945,1973/9/11,test78,1,shu0603n+78@gmail.com
201946,1967/7/13,test79,1,shu0603n+79@gmail.com
201947,2002/5/17,test80,1,shu0603n+80@gmail.com
201948,1966/5/14,test81,1,shu0603n+81@gmail.com
201949,1983/2/5,test82,1,shu0603n+82@gmail.com
201950,1980/7/12,test83,6,shu0603n+83@gmail.com
201951,1979/2/3,test84,6,shu0603n+84@gmail.com
201952,1984/9/9,test85,1,shu0603n+85@gmail.com
201953,1978/2/3,test86,1,shu0603n+86@gmail.com
201954,1966/11/19,test87,1,shu0603n+87@gmail.com
201955,2000/1/8,test88,1,shu0603n+88@gmail.com
201956,1972/8/6,test89,1,shu0603n+89@gmail.com
201957,1996/11/15,test90,1,shu0603n+90@gmail.com
201958,1981/6/8,test91,1,shu0603n+91@gmail.com
201959,1995/5/7,test92,1,shu0603n+92@gmail.com
201960,1974/4/27,test93,1,shu0603n+93@gmail.com
201961,1985/10/4,test94,1,shu0603n+94@gmail.com
201962,1979/9/10,test95,1,shu0603n+95@gmail.com
201963,1971/9/4,test96,1,shu0603n+96@gmail.com
201964,2002/6/9,test97,1,shu0603n+97@gmail.com
201965,1967/3/24,test98,3,shu0603n+98@gmail.com
201966,1999/2/27,test99,1,shu0603n+99@gmail.com
201967,1978/11/6,test100,1,shu0603n+100@gmail.com
201968,1987/3/20,test101,1,shu0603n+101@gmail.com
201969,1963/9/15,test102,1,shu0603n+102@gmail.com
201970,1990/1/29,test103,1,shu0603n+103@gmail.com
201971,1996/9/6,test104,1,shu0603n+104@gmail.com
201972,1978/5/2,test105,1,shu0603n+105@gmail.com
201973,1995/3/16,test106,6,shu0603n+106@gmail.com
201974,1997/12/24,test107,1,shu0603n+107@gmail.com
201975,1962/11/30,test108,1,shu0603n+108@gmail.com
201976,1956/4/11,test109,1,shu0603n+109@gmail.com
201977,1982/7/9,test110,1,shu0603n+110@gmail.com
201978,1973/2/3,test111,1,shu0603n+111@gmail.com
201979,1987/6/21,test112,1,shu0603n+112@gmail.com
201980,1978/6/16,test113,1,shu0603n+113@gmail.com
201981,2003/4/4,test114,1,shu0603n+114@gmail.com
201982,2003/4/5,test115,1,shu0603n+115@gmail.com
201983,2005/11/8,test116,6,shu0603n+116@gmail.com
201984,1986/4/28,test117,3,shu0603n+117@gmail.com
201985,2000/12/6,test118,1,shu0603n+118@gmail.com
201986,1999/10/13,test119,3,shu0603n+119@gmail.com
201987,1968/7/3,test120,1,shu0603n+120@gmail.com
201988,1964/7/8,test121,1,shu0603n+121@gmail.com
201989,1978/5/17,test122,1,shu0603n+122@gmail.com
201990,1970/5/8,test123,1,shu0603n+123@gmail.com
201991,2005/1/6,test124,1,shu0603n+124@gmail.com
201992,2001/11/27,test125,1,shu0603n+125@gmail.com
201993,1991/10/15,test126,1,shu0603n+126@gmail.com
201994,1961/1/14,test127,1,shu0603n+127@gmail.com
201995,1972/9/17,test128,1,shu0603n+128@gmail.com
201996,1961/6/12,test129,1,shu0603n+129@gmail.com
201997,1987/6/6,test130,1,shu0603n+130@gmail.com
201998,2000/11/14,test131,1,shu0603n+131@gmail.com
201999,1969/11/1,test132,1,shu0603n+132@gmail.com
202000,1973/6/26,test133,1,shu0603n+133@gmail.com
202001,1974/9/11,test134,1,shu0603n+134@gmail.com
202002,1955/8/5,test135,1,shu0603n+135@gmail.com
202003,1949/12/6,test136,1,shu0603n+136@gmail.com
202004,1997/12/2,test137,1,shu0603n+137@gmail.com
202005,1955/10/25,test138,1,shu0603n+138@gmail.com
202006,1955/10/25,test139,1,shu0603n+139@gmail.com
202007,1987/5/27,test140,5,shu0603n+140@gmail.com
202008,2002/10/11,test141,1,shu0603n+141@gmail.com
202009,1986/8/19,test142,1,shu0603n+142@gmail.com
202010,1972/2/13,test143,1,shu0603n+143@gmail.com
202011,1988/4/8,test144,1,shu0603n+144@gmail.com
202012,2002/4/13,test145,1,shu0603n+145@gmail.com
202013,1974/11/19,test146,1,shu0603n+146@gmail.com
202014,1999/12/24,test147,1,shu0603n+147@gmail.com
202015,2002/5/28,test148,1,shu0603n+148@gmail.com
202016,1998/8/14,test149,1,shu0603n+149@gmail.com
202017,1984/2/1,test150,1,shu0603n+150@gmail.com
202018,1958/10/24,test151,1,shu0603n+151@gmail.com
202019,2002/5/2,test152,1,shu0603n+152@gmail.com
202020,1959/8/24,test153,1,shu0603n+153@gmail.com
202021,1996/6/17,test154,1,shu0603n+154@gmail.com
202022,1975/8/30,test155,1,shu0603n+155@gmail.com
202023,1975/3/20,test156,1,shu0603n+156@gmail.com
202024,1990/11/21,test157,1,shu0603n+157@gmail.com
202025,1996/11/14,test158,1,shu0603n+158@gmail.com
202026,1976/7/26,test159,6,shu0603n+159@gmail.com
202027,1958/7/23,test160,1,shu0603n+160@gmail.com
202028,1986/12/15,test161,1,shu0603n+161@gmail.com
202029,1974/12/14,test162,1,shu0603n+162@gmail.com
202030,1967/3/15,test163,1,shu0603n+163@gmail.com
202031,1954/10/29,test164,1,shu0603n+164@gmail.com
202032,2000/11/29,test165,1,shu0603n+165@gmail.com
202033,1989/11/25,test166,1,shu0603n+166@gmail.com
202034,1970/7/8,test167,1,shu0603n+167@gmail.com
202035,1963/2/22,test168,1,shu0603n+168@gmail.com
202036,1949/12/24,test169,8,shu0603n+169@gmail.com
202037,1995/12/4,test170,1,shu0603n+170@gmail.com
202038,2003/10/31,test171,1,shu0603n+171@gmail.com
202039,1990/11/25,test172,1,shu0603n+172@gmail.com
202040,2004/10/29,test173,1,shu0603n+173@gmail.com
202041,2003/10/15,test174,1,shu0603n+174@gmail.com
202042,1972/10/14,test175,1,shu0603n+175@gmail.com
202043,1981/4/3,test176,1,shu0603n+176@gmail.com
202044,1964/1/1,test177,1,shu0603n+177@gmail.com
202045,1992/9/8,test178,1,shu0603n+178@gmail.com
202046,1996/11/4,test179,1,shu0603n+179@gmail.com
202047,1960/3/11,test180,1,shu0603n+180@gmail.com
202048,2002/11/6,test181,1,shu0603n+181@gmail.com
202049,1996/10/3,test182,1,shu0603n+182@gmail.com
202050,1997/2/20,test183,1,shu0603n+183@gmail.com
202051,1997/6/21,test184,1,shu0603n+184@gmail.com
202052,1977/5/31,test185,1,shu0603n+185@gmail.com
202053,2004/7/22,test186,1,shu0603n+186@gmail.com
202054,1992/10/16,test187,1,shu0603n+187@gmail.com
202055,1956/6/29,test188,1,shu0603n+188@gmail.com
202056,1961/12/9,test189,1,shu0603n+189@gmail.com
202057,1981/5/6,test190,1,shu0603n+190@gmail.com
202058,1982/7/23,test191,1,shu0603n+191@gmail.com
202059,1967/10/15,test192,1,shu0603n+192@gmail.com
202060,1967/3/29,test193,1,shu0603n+193@gmail.com
202061,2004/9/15,test194,1,shu0603n+194@gmail.com
202062,1965/10/21,test195,1,shu0603n+195@gmail.com
202063,1968/6/6,test196,1,shu0603n+196@gmail.com
202064,1948/8/25,test197,1,shu0603n+197@gmail.com
202065,1995/12/20,test198,1,shu0603n+198@gmail.com
202066,1997/5/7,test199,1,shu0603n+199@gmail.com
202067,1998/9/28,test200,1,shu0603n+200@gmail.com
202068,1996/5/14,test201,1,shu0603n+201@gmail.com
202069,1982/4/6,test202,1,shu0603n+202@gmail.com
202070,1999/4/14,test203,1,shu0603n+203@gmail.com
202071,1977/10/18,test204,1,shu0603n+204@gmail.com
202072,2000/1/13,test205,1,shu0603n+205@gmail.com
202073,1994/11/21,test206,1,shu0603n+206@gmail.com
202074,1996/1/9,test207,1,shu0603n+207@gmail.com
202075,1995/2/23,test208,1,shu0603n+208@gmail.com
202076,1965/12/1,test209,1,shu0603n+209@gmail.com
202077,1980/5/13,test210,1,shu0603n+210@gmail.com
202078,1996/9/1,test211,1,shu0603n+211@gmail.com
202079,1962/6/29,test212,1,shu0603n+212@gmail.com
202080,1953/10/10,test213,1,shu0603n+213@gmail.com
202081,1953/10/11,test214,1,shu0603n+214@gmail.com
202082,1953/10/12,test215,1,shu0603n+215@gmail.com
202083,1953/10/13,test216,1,shu0603n+216@gmail.com
202084,1953/10/14,test217,1,shu0603n+217@gmail.com
202085,1953/10/15,test218,1,shu0603n+218@gmail.com
202086,1953/10/16,test219,1,shu0603n+219@gmail.com
202087,1953/10/17,test220,1,shu0603n+220@gmail.com
202088,1953/10/18,test221,1,shu0603n+221@gmail.com
202089,1953/10/19,test222,1,shu0603n+222@gmail.com
202090,1953/10/20,test223,1,shu0603n+223@gmail.com
202091,1953/10/21,test224,1,shu0603n+224@gmail.com
202092,1953/10/22,test225,1,shu0603n+225@gmail.com
202093,1953/10/23,test226,1,shu0603n+226@gmail.com
202094,1953/10/24,test227,1,shu0603n+227@gmail.com
202095,1953/10/25,test228,1,shu0603n+228@gmail.com
202096,1953/10/26,test229,1,shu0603n+229@gmail.com
202097,1953/10/27,test230,1,shu0603n+230@gmail.com
202098,1953/10/28,test231,1,shu0603n+231@gmail.com
202099,1953/10/29,test232,1,shu0603n+232@gmail.com
202100,1953/10/30,test233,1,shu0603n+233@gmail.com
202101,1953/10/31,test234,1,shu0603n+234@gmail.com
202102,1953/11/1,test235,1,shu0603n+235@gmail.com
202103,1953/11/2,test236,1,shu0603n+236@gmail.com
202104,1953/11/3,test237,1,shu0603n+237@gmail.com
202105,1953/11/4,test238,1,shu0603n+238@gmail.com
202106,1953/11/5,test239,1,shu0603n+239@gmail.com
202107,1953/11/6,test240,1,shu0603n+240@gmail.com
202108,1953/11/7,test241,1,shu0603n+241@gmail.com
202109,1953/11/8,test242,1,shu0603n+242@gmail.com
202110,1953/11/9,test243,1,shu0603n+243@gmail.com
202111,1953/11/10,test244,1,shu0603n+244@gmail.com
202112,1953/11/11,test245,1,shu0603n+245@gmail.com
202113,1953/11/12,test246,1,shu0603n+246@gmail.com
202114,1953/11/13,test247,1,shu0603n+247@gmail.com
202115,1953/11/14,test248,1,shu0603n+248@gmail.com
202116,1953/11/15,test249,1,shu0603n+249@gmail.com
202117,1953/11/16,test250,1,shu0603n+250@gmail.com
202118,1953/11/17,test251,1,shu0603n+251@gmail.com
202119,1953/11/18,test252,1,shu0603n+252@gmail.com
202120,1953/11/19,test253,1,shu0603n+253@gmail.com
202121,1953/11/20,test254,1,shu0603n+254@gmail.com
202122,1953/11/21,test255,1,shu0603n+255@gmail.com
202123,1953/11/22,test256,1,shu0603n+256@gmail.com
202124,1953/11/23,test257,1,shu0603n+257@gmail.com
202125,1953/11/24,test258,1,shu0603n+258@gmail.com
202126,1953/11/25,test259,1,shu0603n+259@gmail.com
202127,1953/11/26,test260,1,shu0603n+260@gmail.com
202128,1953/11/27,test261,1,shu0603n+261@gmail.com
202129,1953/11/28,test262,1,shu0603n+262@gmail.com
202130,1953/11/29,test263,1,shu0603n+263@gmail.com
202131,1953/11/30,test264,1,shu0603n+264@gmail.com
202132,1953/12/1,test265,1,shu0603n+265@gmail.com
202133,1953/12/2,test266,1,shu0603n+266@gmail.com
202134,1953/12/3,test267,1,shu0603n+267@gmail.com
202135,1953/12/4,test268,1,shu0603n+268@gmail.com
202136,1953/12/5,test269,1,shu0603n+269@gmail.com
202137,1953/12/6,test270,1,shu0603n+270@gmail.com
202138,1953/12/7,test271,1,shu0603n+271@gmail.com
202139,1953/12/8,test272,1,shu0603n+272@gmail.com
202140,1953/12/9,test273,1,shu0603n+273@gmail.com
202141,1953/12/10,test274,1,shu0603n+274@gmail.com
202142,1953/12/11,test275,1,shu0603n+275@gmail.com
202143,1953/12/12,test276,1,shu0603n+276@gmail.com
202144,1953/12/13,test277,1,shu0603n+277@gmail.com
202145,1953/12/14,test278,1,shu0603n+278@gmail.com
202146,1953/12/15,test279,1,shu0603n+279@gmail.com
202147,1953/12/16,test280,1,shu0603n+280@gmail.com
202148,1953/12/17,test281,1,shu0603n+281@gmail.com
202149,1953/12/18,test282,1,shu0603n+282@gmail.com
202150,1953/12/19,test283,1,shu0603n+283@gmail.com
202151,1953/12/20,test284,1,shu0603n+284@gmail.com
202152,1953/12/21,test285,1,shu0603n+285@gmail.com
202153,1953/12/22,test286,1,shu0603n+286@gmail.com
202154,1953/12/23,test287,1,shu0603n+287@gmail.com
202155,1953/12/24,test288,1,shu0603n+288@gmail.com
202156,1953/12/25,test289,1,shu0603n+289@gmail.com
202157,1953/12/26,test290,1,shu0603n+290@gmail.com
202158,1953/12/27,test291,1,shu0603n+291@gmail.com
202159,1953/12/28,test292,1,shu0603n+292@gmail.com
202160,1953/12/29,test293,1,shu0603n+293@gmail.com
202161,1953/12/30,test294,1,shu0603n+294@gmail.com
202162,1953/12/31,test295,1,shu0603n+295@gmail.com
202163,1954/1/1,test296,1,shu0603n+296@gmail.com
202164,1954/1/2,test297,1,shu0603n+297@gmail.com
202165,1954/1/3,test298,1,shu0603n+298@gmail.com
202166,1954/1/4,test299,1,shu0603n+299@gmail.com
202167,1954/1/5,test300,1,shu0603n+300@gmail.com
202168,1954/1/6,test301,1,shu0603n+301@gmail.com
202169,1954/1/7,test302,1,shu0603n+302@gmail.com
202170,1954/1/8,test303,1,shu0603n+303@gmail.com
202171,1954/1/9,test304,1,shu0603n+304@gmail.com
202172,1954/1/10,test305,1,shu0603n+305@gmail.com
202173,1954/1/11,test306,1,shu0603n+306@gmail.com
202174,1954/1/12,test307,1,shu0603n+307@gmail.com
202175,1954/1/13,test308,1,shu0603n+308@gmail.com
202176,1954/1/14,test309,1,shu0603n+309@gmail.com
202177,1954/1/15,test310,1,shu0603n+310@gmail.com
202178,1954/1/16,test311,1,shu0603n+311@gmail.com
202179,1954/1/17,test312,1,shu0603n+312@gmail.com
202180,1954/1/18,test313,1,shu0603n+313@gmail.com
202181,1954/1/19,test314,1,shu0603n+314@gmail.com
202182,1954/1/20,test315,1,shu0603n+315@gmail.com
202183,1954/1/21,test316,1,shu0603n+316@gmail.com
202184,1954/1/22,test317,1,shu0603n+317@gmail.com
202185,1954/1/23,test318,1,shu0603n+318@gmail.com
202186,1954/1/24,test319,1,shu0603n+319@gmail.com
202187,1954/1/25,test320,1,shu0603n+320@gmail.com
202188,1954/1/26,test321,1,shu0603n+321@gmail.com
202189,1954/1/27,test322,1,shu0603n+322@gmail.com
202190,1954/1/28,test323,1,shu0603n+323@gmail.com
202191,1954/1/29,test324,1,shu0603n+324@gmail.com
202192,1954/1/30,test325,1,shu0603n+325@gmail.com
202193,1954/1/31,test326,1,shu0603n+326@gmail.com
202194,1954/2/1,test327,1,shu0603n+327@gmail.com
202195,1954/2/2,test328,1,shu0603n+328@gmail.com
202196,1954/2/3,test329,1,shu0603n+329@gmail.com
202197,1954/2/4,test330,1,shu0603n+330@gmail.com
202198,1954/2/5,test331,1,shu0603n+331@gmail.com
202199,1954/2/6,test332,1,shu0603n+332@gmail.com
202200,1954/2/7,test333,1,shu0603n+333@gmail.com
202201,1954/2/8,test334,1,shu0603n+334@gmail.com
202202,1954/2/9,test335,1,shu0603n+335@gmail.com
202203,1954/2/10,test336,1,shu0603n+336@gmail.com
202204,1954/2/11,test337,1,shu0603n+337@gmail.com
202205,1954/2/12,test338,1,shu0603n+338@gmail.com
202206,1954/2/13,test339,1,shu0603n+339@gmail.com
202207,1954/2/14,test340,1,shu0603n+340@gmail.com
202208,1954/2/15,test341,1,shu0603n+341@gmail.com
202209,1954/2/16,test342,1,shu0603n+342@gmail.com
202210,1954/2/17,test343,1,shu0603n+343@gmail.com
202211,1954/2/18,test344,1,shu0603n+344@gmail.com
202212,1954/2/19,test345,1,shu0603n+345@gmail.com
202213,1954/2/20,test346,1,shu0603n+346@gmail.com
202214,1954/2/21,test347,1,shu0603n+347@gmail.com
202215,1954/2/22,test348,1,shu0603n+348@gmail.com
202216,1954/2/23,test349,1,shu0603n+349@gmail.com
202217,1954/2/24,test350,1,shu0603n+350@gmail.com
202218,1954/2/25,test351,1,shu0603n+351@gmail.com
202219,1954/2/26,test352,1,shu0603n+352@gmail.com
202220,1954/2/27,test353,1,shu0603n+353@gmail.com
202221,1954/2/28,test354,1,shu0603n+354@gmail.com
202222,1954/3/1,test355,1,shu0603n+355@gmail.com
202223,1954/3/2,test356,1,shu0603n+356@gmail.com
202224,1954/3/3,test357,1,shu0603n+357@gmail.com
202225,1954/3/4,test358,1,shu0603n+358@gmail.com
202226,1954/3/5,test359,1,shu0603n+359@gmail.com
202227,1954/3/6,test360,1,shu0603n+360@gmail.com
202228,1954/3/7,test361,1,shu0603n+361@gmail.com
202229,1954/3/8,test362,1,shu0603n+362@gmail.com
202230,1954/3/9,test363,1,shu0603n+363@gmail.com
202231,1954/3/10,test364,1,shu0603n+364@gmail.com
202232,1954/3/11,test365,1,shu0603n+365@gmail.com
202233,1954/3/12,test366,1,shu0603n+366@gmail.com
202234,1954/3/13,test367,1,shu0603n+367@gmail.com
202235,1954/3/14,test368,1,shu0603n+368@gmail.com
202236,1954/3/15,test369,1,shu0603n+369@gmail.com
202237,1954/3/16,test370,1,shu0603n+370@gmail.com
202238,1954/3/17,test371,1,shu0603n+371@gmail.com
202239,1954/3/18,test372,1,shu0603n+372@gmail.com
202240,1954/3/19,test373,1,shu0603n+373@gmail.com
202241,1954/3/20,test374,1,shu0603n+374@gmail.com
202242,1954/3/21,test375,1,shu0603n+375@gmail.com
202243,1954/3/22,test376,1,shu0603n+376@gmail.com
202244,1954/3/23,test377,1,shu0603n+377@gmail.com
202245,1954/3/24,test378,1,shu0603n+378@gmail.com
202246,1954/3/25,test379,1,shu0603n+379@gmail.com
202247,1954/3/26,test380,1,shu0603n+380@gmail.com
202248,1954/3/27,test381,1,shu0603n+381@gmail.com
202249,1954/3/28,test382,1,shu0603n+382@gmail.com
202250,1954/3/29,test383,1,shu0603n+383@gmail.com
202251,1954/3/30,test384,1,shu0603n+384@gmail.com
202252,1954/3/31,test385,1,shu0603n+385@gmail.com
202253,1954/4/1,test386,1,shu0603n+386@gmail.com
202254,1954/4/2,test387,1,shu0603n+387@gmail.com
202255,1954/4/3,test388,1,shu0603n+388@gmail.com
202256,1954/4/4,test389,1,shu0603n+389@gmail.com
202257,1954/4/5,test390,1,shu0603n+390@gmail.com
202258,1954/4/6,test391,1,shu0603n+391@gmail.com
202259,1954/4/7,test392,1,shu0603n+392@gmail.com
202260,1954/4/8,test393,1,shu0603n+393@gmail.com
202261,1954/4/9,test394,1,shu0603n+394@gmail.com
202262,1954/4/10,test395,1,shu0603n+395@gmail.com
202263,1954/4/11,test396,1,shu0603n+396@gmail.com
202264,1954/4/12,test397,1,shu0603n+397@gmail.com
202265,1954/4/13,test398,1,shu0603n+398@gmail.com
202266,1954/4/14,test399,1,shu0603n+399@gmail.com
202267,1954/4/15,test400,1,shu0603n+400@gmail.com
202268,1954/4/16,test401,1,shu0603n+401@gmail.com
202269,1954/4/17,test402,1,shu0603n+402@gmail.com
202270,1954/4/18,test403,1,shu0603n+403@gmail.com
202271,1954/4/19,test404,1,shu0603n+404@gmail.com
202272,1954/4/20,test405,1,shu0603n+405@gmail.com
202273,1954/4/21,test406,1,shu0603n+406@gmail.com
202274,1954/4/22,test407,1,shu0603n+407@gmail.com
202275,1954/4/23,test408,1,shu0603n+408@gmail.com
202276,1954/4/24,test409,1,shu0603n+409@gmail.com
202277,1954/4/25,test410,1,shu0603n+410@gmail.com
202278,1954/4/26,test411,1,shu0603n+411@gmail.com
202279,1954/4/27,test412,1,shu0603n+412@gmail.com
202280,1954/4/28,test413,1,shu0603n+413@gmail.com
202281,1954/4/29,test414,1,shu0603n+414@gmail.com
202282,1954/4/30,test415,1,shu0603n+415@gmail.com
202283,1954/5/1,test416,1,shu0603n+416@gmail.com
202284,1954/5/2,test417,1,shu0603n+417@gmail.com
202285,1954/5/3,test418,1,shu0603n+418@gmail.com
202286,1954/5/4,test419,1,shu0603n+419@gmail.com
202287,1954/5/5,test420,1,shu0603n+420@gmail.com
202288,1954/5/6,test421,1,shu0603n+421@gmail.com
202289,1954/5/7,test422,1,shu0603n+422@gmail.com
202290,1954/5/8,test423,1,shu0603n+423@gmail.com
202291,1954/5/9,test424,1,shu0603n+424@gmail.com
202292,1954/5/10,test425,1,shu0603n+425@gmail.com
202293,1954/5/11,test426,1,shu0603n+426@gmail.com
202294,1954/5/12,test427,1,shu0603n+427@gmail.com
202295,1954/5/13,test428,1,shu0603n+428@gmail.com
202296,1954/5/14,test429,1,shu0603n+429@gmail.com
202297,1954/5/15,test430,1,shu0603n+430@gmail.com
202298,1954/5/16,test431,1,shu0603n+431@gmail.com
202299,1954/5/17,test432,1,shu0603n+432@gmail.com
202300,1954/5/18,test433,1,shu0603n+433@gmail.com
202301,1954/5/19,test434,1,shu0603n+434@gmail.com
202302,1954/5/20,test435,1,shu0603n+435@gmail.com
202303,1954/5/21,test436,1,shu0603n+436@gmail.com
202304,1954/5/22,test437,1,shu0603n+437@gmail.com
202305,1954/5/23,test438,1,shu0603n+438@gmail.com
202306,1954/5/24,test439,1,shu0603n+439@gmail.com
202307,1954/5/25,test440,1,shu0603n+440@gmail.com
202308,1954/5/26,test441,1,shu0603n+441@gmail.com
202309,1954/5/27,test442,1,shu0603n+442@gmail.com
202310,1954/5/28,test443,1,shu0603n+443@gmail.com
202311,1954/5/29,test444,1,shu0603n+444@gmail.com
202312,1954/5/30,test445,1,shu0603n+445@gmail.com
202313,1954/5/31,test446,1,shu0603n+446@gmail.com
202314,1954/6/1,test447,1,shu0603n+447@gmail.com
202315,1954/6/2,test448,1,shu0603n+448@gmail.com
202316,1954/6/3,test449,1,shu0603n+449@gmail.com
202317,1954/6/4,test450,1,shu0603n+450@gmail.com
202318,1954/6/5,test451,1,shu0603n+451@gmail.com
202319,1954/6/6,test452,1,shu0603n+452@gmail.com
202320,1954/6/7,test453,1,shu0603n+453@gmail.com
202321,1954/6/8,test454,1,shu0603n+454@gmail.com
202322,1954/6/9,test455,1,shu0603n+455@gmail.com
202323,1954/6/10,test456,1,shu0603n+456@gmail.com
202324,1954/6/11,test457,1,shu0603n+457@gmail.com
202325,1954/6/12,test458,1,shu0603n+458@gmail.com
202326,1954/6/13,test459,1,shu0603n+459@gmail.com
202327,1954/6/14,test460,1,shu0603n+460@gmail.com
202328,1954/6/15,test461,1,shu0603n+461@gmail.com
202329,1954/6/16,test462,1,shu0603n+462@gmail.com
202330,1954/6/17,test463,1,shu0603n+463@gmail.com
202331,1954/6/18,test464,1,shu0603n+464@gmail.com
202332,1954/6/19,test465,1,shu0603n+465@gmail.com
202333,1954/6/20,test466,1,shu0603n+466@gmail.com
202334,1954/6/21,test467,1,shu0603n+467@gmail.com
202335,1954/6/22,test468,1,shu0603n+468@gmail.com
202336,1954/6/23,test469,1,shu0603n+469@gmail.com
202337,1954/6/24,test470,1,shu0603n+470@gmail.com
202338,1954/6/25,test471,1,shu0603n+471@gmail.com
202339,1954/6/26,test472,1,shu0603n+472@gmail.com
202340,1954/6/27,test473,1,shu0603n+473@gmail.com
202341,1954/6/28,test474,1,shu0603n+474@gmail.com
202342,1954/6/29,test475,1,shu0603n+475@gmail.com
202343,1954/6/30,test476,1,shu0603n+476@gmail.com
202344,1954/7/1,test477,1,shu0603n+477@gmail.com
202345,1954/7/2,test478,1,shu0603n+478@gmail.com
202346,1954/7/3,test479,1,shu0603n+479@gmail.com
202347,1954/7/4,test480,1,shu0603n+480@gmail.com
202348,1954/7/5,test481,1,shu0603n+481@gmail.com
202349,1954/7/6,test482,1,shu0603n+482@gmail.com
202350,1954/7/7,test483,1,shu0603n+483@gmail.com
202351,1954/7/8,test484,1,shu0603n+484@gmail.com
202352,1954/7/9,test485,1,shu0603n+485@gmail.com
202353,1954/7/10,test486,1,shu0603n+486@gmail.com
202354,1954/7/11,test487,1,shu0603n+487@gmail.com
202355,1954/7/12,test488,1,shu0603n+488@gmail.com
202356,1954/7/13,test489,1,shu0603n+489@gmail.com
202357,1954/7/14,test490,1,shu0603n+490@gmail.com
202358,1954/7/15,test491,1,shu0603n+491@gmail.com
202359,1954/7/16,test492,1,shu0603n+492@gmail.com
202360,1954/7/17,test493,1,shu0603n+493@gmail.com
202361,1954/7/18,test494,1,shu0603n+494@gmail.com
202362,1954/7/19,test495,1,shu0603n+495@gmail.com
202363,1954/7/20,test496,1,shu0603n+496@gmail.com
202364,1954/7/21,test497,1,shu0603n+497@gmail.com
202365,1954/7/22,test498,1,shu0603n+498@gmail.com
202366,1954/7/23,test499,1,shu0603n+499@gmail.com
202367,1954/7/24,test500,1,shu0603n+500@gmail.com
202368,1954/7/25,test501,1,shu0603n+501@gmail.com
202369,1954/7/26,test502,1,shu0603n+502@gmail.com
202370,1954/7/27,test503,1,shu0603n+503@gmail.com
202371,1954/7/28,test504,1,shu0603n+504@gmail.com
202372,1954/7/29,test505,1,shu0603n+505@gmail.com
202373,1954/7/30,test506,1,shu0603n+506@gmail.com
202374,1954/7/31,test507,1,shu0603n+507@gmail.com
202375,1954/8/1,test508,1,shu0603n+508@gmail.com
202376,1954/8/2,test509,1,shu0603n+509@gmail.com
202377,1954/8/3,test510,1,shu0603n+510@gmail.com
202378,1954/8/4,test511,1,shu0603n+511@gmail.com
202379,1954/8/5,test512,1,shu0603n+512@gmail.com
202380,1954/8/6,test513,1,shu0603n+513@gmail.com
202381,1954/8/7,test514,1,shu0603n+514@gmail.com
202382,1954/8/8,test515,1,shu0603n+515@gmail.com
202383,1954/8/9,test516,1,shu0603n+516@gmail.com
202384,1954/8/10,test517,1,shu0603n+517@gmail.com
202385,1954/8/11,test518,1,shu0603n+518@gmail.com
202386,1954/8/12,test519,1,shu0603n+519@gmail.com
202387,1954/8/13,test520,1,shu0603n+520@gmail.com
202388,1954/8/14,test521,1,shu0603n+521@gmail.com
202389,1954/8/15,test522,1,shu0603n+522@gmail.com
202390,1954/8/16,test523,1,shu0603n+523@gmail.com
202391,1954/8/17,test524,1,shu0603n+524@gmail.com
202392,1954/8/18,test525,1,shu0603n+525@gmail.com
202393,1954/8/19,test526,1,shu0603n+526@gmail.com
202394,1954/8/20,test527,1,shu0603n+527@gmail.com
202395,1954/8/21,test528,1,shu0603n+528@gmail.com
202396,1954/8/22,test529,1,shu0603n+529@gmail.com
202397,1954/8/23,test530,1,shu0603n+530@gmail.com
202398,1954/8/24,test531,1,shu0603n+531@gmail.com
202399,1954/8/25,test532,1,shu0603n+532@gmail.com
202400,1954/8/26,test533,1,shu0603n+533@gmail.com
202401,1954/8/27,test534,1,shu0603n+534@gmail.com
202402,1954/8/28,test535,1,shu0603n+535@gmail.com
202403,1954/8/29,test536,1,shu0603n+536@gmail.com
202404,1954/8/30,test537,1,shu0603n+537@gmail.com
202405,1954/8/31,test538,1,shu0603n+538@gmail.com
202406,1954/9/1,test539,1,shu0603n+539@gmail.com
202407,1954/9/2,test540,1,shu0603n+540@gmail.com
202408,1954/9/3,test541,1,shu0603n+541@gmail.com
202409,1954/9/4,test542,1,shu0603n+542@gmail.com
202410,1954/9/5,test543,1,shu0603n+543@gmail.com
202411,1954/9/6,test544,1,shu0603n+544@gmail.com
202412,1954/9/7,test545,1,shu0603n+545@gmail.com
202413,1954/9/8,test546,1,shu0603n+546@gmail.com
202414,1954/9/9,test547,1,shu0603n+547@gmail.com
202415,1954/9/10,test548,1,shu0603n+548@gmail.com
202416,1954/9/11,test549,1,shu0603n+549@gmail.com
202417,1954/9/12,test550,1,shu0603n+550@gmail.com
202418,1954/9/13,test551,1,shu0603n+551@gmail.com
202419,1954/9/14,test552,1,shu0603n+552@gmail.com
202420,1954/9/15,test553,1,shu0603n+553@gmail.com
202421,1954/9/16,test554,1,shu0603n+554@gmail.com
202422,1954/9/17,test555,1,shu0603n+555@gmail.com
202423,1954/9/18,test556,1,shu0603n+556@gmail.com
202424,1954/9/19,test557,1,shu0603n+557@gmail.com
202425,1954/9/20,test558,1,shu0603n+558@gmail.com
202426,1954/9/21,test559,1,shu0603n+559@gmail.com
202427,1954/9/22,test560,1,shu0603n+560@gmail.com
202428,1954/9/23,test561,1,shu0603n+561@gmail.com
202429,1954/9/24,test562,1,shu0603n+562@gmail.com
202430,1954/9/25,test563,1,shu0603n+563@gmail.com
202431,1954/9/26,test564,1,shu0603n+564@gmail.com
202432,1954/9/27,test565,1,shu0603n+565@gmail.com
202433,1954/9/28,test566,1,shu0603n+566@gmail.com
202434,1954/9/29,test567,1,shu0603n+567@gmail.com
202435,1954/9/30,test568,1,shu0603n+568@gmail.com
202436,1954/10/1,test569,1,shu0603n+569@gmail.com
202437,1954/10/2,test570,1,shu0603n+570@gmail.com
202438,1954/10/3,test571,1,shu0603n+571@gmail.com
202439,1954/10/4,test572,1,shu0603n+572@gmail.com
202440,1954/10/5,test573,1,shu0603n+573@gmail.com
202441,1954/10/6,test574,1,shu0603n+574@gmail.com
202442,1954/10/7,test575,1,shu0603n+575@gmail.com
202443,1954/10/8,test576,1,shu0603n+576@gmail.com
202444,1954/10/9,test577,1,shu0603n+577@gmail.com
202445,1954/10/10,test578,1,shu0603n+578@gmail.com
202446,1954/10/11,test579,1,shu0603n+579@gmail.com
202447,1954/10/12,test580,1,shu0603n+580@gmail.com
202448,1954/10/13,test581,1,shu0603n+581@gmail.com
202449,1954/10/14,test582,1,shu0603n+582@gmail.com
202450,1954/10/15,test583,1,shu0603n+583@gmail.com
202451,1954/10/16,test584,1,shu0603n+584@gmail.com
202452,1954/10/17,test585,1,shu0603n+585@gmail.com
202453,1954/10/18,test586,1,shu0603n+586@gmail.com
202454,1954/10/19,test587,1,shu0603n+587@gmail.com
202455,1954/10/20,test588,1,shu0603n+588@gmail.com
202456,1954/10/21,test589,1,shu0603n+589@gmail.com
202457,1954/10/22,test590,1,shu0603n+590@gmail.com
202458,1954/10/23,test591,1,shu0603n+591@gmail.com
202459,1954/10/24,test592,1,shu0603n+592@gmail.com
202460,1954/10/25,test593,1,shu0603n+593@gmail.com
202461,1954/10/26,test594,1,shu0603n+594@gmail.com
202462,1954/10/27,test595,1,shu0603n+595@gmail.com
202463,1954/10/28,test596,1,shu0603n+596@gmail.com
202464,1954/10/29,test597,1,shu0603n+597@gmail.com
202465,1954/10/30,test598,1,shu0603n+598@gmail.com
202466,1954/10/31,test599,1,shu0603n+599@gmail.com
202467,1954/11/1,test600,1,shu0603n+600@gmail.com
202468,1954/11/2,test601,1,shu0603n+601@gmail.com
202469,1954/11/3,test602,1,shu0603n+602@gmail.com
202470,1954/11/4,test603,1,shu0603n+603@gmail.com
202471,1954/11/5,test604,1,shu0603n+604@gmail.com
202472,1954/11/6,test605,1,shu0603n+605@gmail.com
202473,1954/11/7,test606,1,shu0603n+606@gmail.com
202474,1954/11/8,test607,1,shu0603n+607@gmail.com
202475,1954/11/9,test608,1,shu0603n+608@gmail.com
202476,1954/11/10,test609,1,shu0603n+609@gmail.com
202477,1954/11/11,test610,1,shu0603n+610@gmail.com
202478,1954/11/12,test611,1,shu0603n+611@gmail.com
202479,1954/11/13,test612,1,shu0603n+612@gmail.com
202480,1954/11/14,test613,1,shu0603n+613@gmail.com
202481,1954/11/15,test614,1,shu0603n+614@gmail.com
202482,1954/11/16,test615,1,shu0603n+615@gmail.com
202483,1954/11/17,test616,1,shu0603n+616@gmail.com
202484,1954/11/18,test617,1,shu0603n+617@gmail.com
202485,1954/11/19,test618,1,shu0603n+618@gmail.com
202486,1954/11/20,test619,1,shu0603n+619@gmail.com
202487,1954/11/21,test620,1,shu0603n+620@gmail.com
202488,1954/11/22,test621,1,shu0603n+621@gmail.com
202489,1954/11/23,test622,1,shu0603n+622@gmail.com
202490,1954/11/24,test623,1,shu0603n+623@gmail.com
202491,1954/11/25,test624,1,shu0603n+624@gmail.com
202492,1954/11/26,test625,1,shu0603n+625@gmail.com
202493,1954/11/27,test626,1,shu0603n+626@gmail.com
202494,1954/11/28,test627,1,shu0603n+627@gmail.com
202495,1954/11/29,test628,1,shu0603n+628@gmail.com
202496,1954/11/30,test629,1,shu0603n+629@gmail.com
202497,1954/12/1,test630,1,shu0603n+630@gmail.com
202498,1954/12/2,test631,1,shu0603n+631@gmail.com
202499,1954/12/3,test632,1,shu0603n+632@gmail.com
202500,1954/12/4,test633,1,shu0603n+633@gmail.com
202501,1954/12/5,test634,1,shu0603n+634@gmail.com
202502,1954/12/6,test635,1,shu0603n+635@gmail.com
202503,1954/12/7,test636,1,shu0603n+636@gmail.com
202504,1954/12/8,test637,1,shu0603n+637@gmail.com
202505,1954/12/9,test638,1,shu0603n+638@gmail.com
202506,1954/12/10,test639,1,shu0603n+639@gmail.com
202507,1954/12/11,test640,1,shu0603n+640@gmail.com
202508,1954/12/12,test641,1,shu0603n+641@gmail.com
202509,1954/12/13,test642,1,shu0603n+642@gmail.com
202510,1954/12/14,test643,1,shu0603n+643@gmail.com
202511,1954/12/15,test644,1,shu0603n+644@gmail.com
202512,1954/12/16,test645,1,shu0603n+645@gmail.com
202513,1954/12/17,test646,1,shu0603n+646@gmail.com
202514,1954/12/18,test647,1,shu0603n+647@gmail.com
202515,1954/12/19,test648,1,shu0603n+648@gmail.com
202516,1954/12/20,test649,1,shu0603n+649@gmail.com
202517,1954/12/21,test650,1,shu0603n+650@gmail.com
202518,1954/12/22,test651,1,shu0603n+651@gmail.com
202519,1954/12/23,test652,1,shu0603n+652@gmail.com
202520,1954/12/24,test653,1,shu0603n+653@gmail.com
202521,1954/12/25,test654,1,shu0603n+654@gmail.com
202522,1954/12/26,test655,1,shu0603n+655@gmail.com
202523,1954/12/27,test656,1,shu0603n+656@gmail.com
202524,1954/12/28,test657,1,shu0603n+657@gmail.com
202525,1954/12/29,test658,1,shu0603n+658@gmail.com
202526,1954/12/30,test659,1,shu0603n+659@gmail.com
202527,1954/12/31,test660,1,shu0603n+660@gmail.com
202528,1955/1/1,test661,1,shu0603n+661@gmail.com
202529,1955/1/2,test662,1,shu0603n+662@gmail.com
202530,1955/1/3,test663,1,shu0603n+663@gmail.com
202531,1955/1/4,test664,1,shu0603n+664@gmail.com
202532,1955/1/5,test665,1,shu0603n+665@gmail.com
202533,1955/1/6,test666,1,shu0603n+666@gmail.com
202534,1955/1/7,test667,1,shu0603n+667@gmail.com
202535,1955/1/8,test668,1,shu0603n+668@gmail.com
202536,1955/1/9,test669,1,shu0603n+669@gmail.com
202537,1955/1/10,test670,1,shu0603n+670@gmail.com
202538,1955/1/11,test671,1,shu0603n+671@gmail.com
202539,1955/1/12,test672,1,shu0603n+672@gmail.com
202540,1955/1/13,test673,1,shu0603n+673@gmail.com
202541,1955/1/14,test674,1,shu0603n+674@gmail.com
202542,1955/1/15,test675,1,shu0603n+675@gmail.com
202543,1955/1/16,test676,1,shu0603n+676@gmail.com
202544,1955/1/17,test677,1,shu0603n+677@gmail.com
202545,1955/1/18,test678,1,shu0603n+678@gmail.com
202546,1955/1/19,test679,1,shu0603n+679@gmail.com
202547,1955/1/20,test680,1,shu0603n+680@gmail.com
202548,1955/1/21,test681,1,shu0603n+681@gmail.com
202549,1955/1/22,test682,1,shu0603n+682@gmail.com
202550,1955/1/23,test683,1,shu0603n+683@gmail.com
202551,1955/1/24,test684,1,shu0603n+684@gmail.com
202552,1955/1/25,test685,1,shu0603n+685@gmail.com
202553,1955/1/26,test686,1,shu0603n+686@gmail.com
202554,1955/1/27,test687,1,shu0603n+687@gmail.com
202555,1955/1/28,test688,1,shu0603n+688@gmail.com
202556,1955/1/29,test689,1,shu0603n+689@gmail.com
202557,1955/1/30,test690,1,shu0603n+690@gmail.com
202558,1955/1/31,test691,1,shu0603n+691@gmail.com
202559,1955/2/1,test692,1,shu0603n+692@gmail.com
202560,1955/2/2,test693,1,shu0603n+693@gmail.com
202561,1955/2/3,test694,1,shu0603n+694@gmail.com
202562,1955/2/4,test695,1,shu0603n+695@gmail.com
202563,1955/2/5,test696,1,shu0603n+696@gmail.com
202564,1955/2/6,test697,1,shu0603n+697@gmail.com
202565,1955/2/7,test698,1,shu0603n+698@gmail.com
202566,1955/2/8,test699,1,shu0603n+699@gmail.com
202567,1955/2/9,test700,1,shu0603n+700@gmail.com
202568,1955/2/10,test701,1,shu0603n+701@gmail.com
202569,1955/2/11,test702,1,shu0603n+702@gmail.com
202570,1955/2/12,test703,1,shu0603n+703@gmail.com
202571,1955/2/13,test704,1,shu0603n+704@gmail.com
202572,1955/2/14,test705,1,shu0603n+705@gmail.com
202573,1955/2/15,test706,1,shu0603n+706@gmail.com
202574,1955/2/16,test707,1,shu0603n+707@gmail.com
202575,1955/2/17,test708,1,shu0603n+708@gmail.com
202576,1955/2/18,test709,1,shu0603n+709@gmail.com
202577,1955/2/19,test710,1,shu0603n+710@gmail.com
202578,1955/2/20,test711,1,shu0603n+711@gmail.com
202579,1955/2/21,test712,1,shu0603n+712@gmail.com
202580,1955/2/22,test713,1,shu0603n+713@gmail.com
202581,1955/2/23,test714,1,shu0603n+714@gmail.com
202582,1955/2/24,test715,1,shu0603n+715@gmail.com
202583,1955/2/25,test716,1,shu0603n+716@gmail.com
202584,1955/2/26,test717,1,shu0603n+717@gmail.com
202585,1955/2/27,test718,1,shu0603n+718@gmail.com
202586,1955/2/28,test719,1,shu0603n+719@gmail.com
202587,1955/3/1,test720,1,shu0603n+720@gmail.com
202588,1955/3/2,test721,1,shu0603n+721@gmail.com
202589,1955/3/3,test722,1,shu0603n+722@gmail.com
202590,1955/3/4,test723,1,shu0603n+723@gmail.com
202591,1955/3/5,test724,1,shu0603n+724@gmail.com
202592,1955/3/6,test725,1,shu0603n+725@gmail.com
202593,1955/3/7,test726,1,shu0603n+726@gmail.com
202594,1955/3/8,test727,1,shu0603n+727@gmail.com
202595,1955/3/9,test728,1,shu0603n+728@gmail.com
202596,1955/3/10,test729,1,shu0603n+729@gmail.com
202597,1955/3/11,test730,1,shu0603n+730@gmail.com
202598,1955/3/12,test731,1,shu0603n+731@gmail.com
202599,1955/3/13,test732,1,shu0603n+732@gmail.com
202600,1955/3/14,test733,1,shu0603n+733@gmail.com
202601,1955/3/15,test734,1,shu0603n+734@gmail.com
202602,1955/3/16,test735,1,shu0603n+735@gmail.com
202603,1955/3/17,test736,1,shu0603n+736@gmail.com
202604,1955/3/18,test737,1,shu0603n+737@gmail.com
202605,1955/3/19,test738,1,shu0603n+738@gmail.com
202606,1955/3/20,test739,1,shu0603n+739@gmail.com
202607,1955/3/21,test740,1,shu0603n+740@gmail.com
202608,1955/3/22,test741,1,shu0603n+741@gmail.com
202609,1955/3/23,test742,1,shu0603n+742@gmail.com
202610,1955/3/24,test743,1,shu0603n+743@gmail.com
202611,1955/3/25,test744,1,shu0603n+744@gmail.com
202612,1955/3/26,test745,1,shu0603n+745@gmail.com
202613,1955/3/27,test746,1,shu0603n+746@gmail.com
202614,1955/3/28,test747,1,shu0603n+747@gmail.com
202615,1955/3/29,test748,1,shu0603n+748@gmail.com
202616,1955/3/30,test749,1,shu0603n+749@gmail.com
202617,1955/3/31,test750,1,shu0603n+750@gmail.com
202618,1955/4/1,test751,1,shu0603n+751@gmail.com
202619,1955/4/2,test752,1,shu0603n+752@gmail.com
202620,1955/4/3,test753,1,shu0603n+753@gmail.com
202621,1955/4/4,test754,1,shu0603n+754@gmail.com
202622,1955/4/5,test755,1,shu0603n+755@gmail.com
202623,1955/4/6,test756,1,shu0603n+756@gmail.com
202624,1955/4/7,test757,1,shu0603n+757@gmail.com
202625,1955/4/8,test758,1,shu0603n+758@gmail.com
202626,1955/4/9,test759,1,shu0603n+759@gmail.com
202627,1955/4/10,test760,1,shu0603n+760@gmail.com
202628,1955/4/11,test761,1,shu0603n+761@gmail.com
202629,1955/4/12,test762,1,shu0603n+762@gmail.com
202630,1955/4/13,test763,1,shu0603n+763@gmail.com
202631,1955/4/14,test764,1,shu0603n+764@gmail.com
202632,1955/4/15,test765,1,shu0603n+765@gmail.com
202633,1955/4/16,test766,1,shu0603n+766@gmail.com
202634,1955/4/17,test767,1,shu0603n+767@gmail.com
202635,1955/4/18,test768,1,shu0603n+768@gmail.com
202636,1955/4/19,test769,1,shu0603n+769@gmail.com
202637,1955/4/20,test770,1,shu0603n+770@gmail.com
202638,1955/4/21,test771,1,shu0603n+771@gmail.com
202639,1955/4/22,test772,1,shu0603n+772@gmail.com
202640,1955/4/23,test773,1,shu0603n+773@gmail.com
202641,1955/4/24,test774,1,shu0603n+774@gmail.com
202642,1955/4/25,test775,1,shu0603n+775@gmail.com
202643,1955/4/26,test776,1,shu0603n+776@gmail.com
202644,1955/4/27,test777,1,shu0603n+777@gmail.com
202645,1955/4/28,test778,1,shu0603n+778@gmail.com
202646,1955/4/29,test779,1,shu0603n+779@gmail.com
202647,1955/4/30,test780,1,shu0603n+780@gmail.com
202648,1955/5/1,test781,1,shu0603n+781@gmail.com
202649,1955/5/2,test782,1,shu0603n+782@gmail.com
202650,1955/5/3,test783,1,shu0603n+783@gmail.com
202651,1955/5/4,test784,1,shu0603n+784@gmail.com
202652,1955/5/5,test785,1,shu0603n+785@gmail.com
202653,1955/5/6,test786,1,shu0603n+786@gmail.com
202654,1955/5/7,test787,1,shu0603n+787@gmail.com
202655,1955/5/8,test788,1,shu0603n+788@gmail.com
202656,1955/5/9,test789,1,shu0603n+789@gmail.com
202657,1955/5/10,test790,1,shu0603n+790@gmail.com
202658,1955/5/11,test791,1,shu0603n+791@gmail.com
202659,1955/5/12,test792,1,shu0603n+792@gmail.com
202660,1955/5/13,test793,1,shu0603n+793@gmail.com
202661,1955/5/14,test794,1,shu0603n+794@gmail.com
202662,1955/5/15,test795,1,shu0603n+795@gmail.com
202663,1955/5/16,test796,1,shu0603n+796@gmail.com
202664,1955/5/17,test797,1,shu0603n+797@gmail.com
202665,1955/5/18,test798,1,shu0603n+798@gmail.com
202666,1955/5/19,test799,1,shu0603n+799@gmail.com
202667,1955/5/20,test800,1,shu0603n+800@gmail.com
202668,1955/5/21,test801,1,shu0603n+801@gmail.com
202669,1955/5/22,test802,1,shu0603n+802@gmail.com
202670,1955/5/23,test803,1,shu0603n+803@gmail.com
202671,1955/5/24,test804,1,shu0603n+804@gmail.com
202672,1955/5/25,test805,1,shu0603n+805@gmail.com
202673,1955/5/26,test806,1,shu0603n+806@gmail.com
202674,1955/5/27,test807,1,shu0603n+807@gmail.com
202675,1955/5/28,test808,1,shu0603n+808@gmail.com
202676,1955/5/29,test809,1,shu0603n+809@gmail.com
202677,1955/5/30,test810,1,shu0603n+810@gmail.com
202678,1955/5/31,test811,1,shu0603n+811@gmail.com
202679,1955/6/1,test812,1,shu0603n+812@gmail.com
202680,1955/6/2,test813,1,shu0603n+813@gmail.com
202681,1955/6/3,test814,1,shu0603n+814@gmail.com
202682,1955/6/4,test815,1,shu0603n+815@gmail.com
202683,1955/6/5,test816,1,shu0603n+816@gmail.com
202684,1955/6/6,test817,1,shu0603n+817@gmail.com
202685,1955/6/7,test818,1,shu0603n+818@gmail.com
202686,1955/6/8,test819,1,shu0603n+819@gmail.com
202687,1955/6/9,test820,1,shu0603n+820@gmail.com
202688,1955/6/10,test821,1,shu0603n+821@gmail.com
202689,1955/6/11,test822,1,shu0603n+822@gmail.com
202690,1955/6/12,test823,1,shu0603n+823@gmail.com
202691,1955/6/13,test824,1,shu0603n+824@gmail.com
202692,1955/6/14,test825,1,shu0603n+825@gmail.com
202693,1955/6/15,test826,1,shu0603n+826@gmail.com
202694,1955/6/16,test827,1,shu0603n+827@gmail.com
202695,1955/6/17,test828,1,shu0603n+828@gmail.com
202696,1955/6/18,test829,1,shu0603n+829@gmail.com
202697,1955/6/19,test830,1,shu0603n+830@gmail.com
202698,1955/6/20,test831,1,shu0603n+831@gmail.com
202699,1955/6/21,test832,1,shu0603n+832@gmail.com
202700,1955/6/22,test833,1,shu0603n+833@gmail.com
202701,1955/6/23,test834,1,shu0603n+834@gmail.com
202702,1955/6/24,test835,1,shu0603n+835@gmail.com
202703,1955/6/25,test836,1,shu0603n+836@gmail.com
202704,1955/6/26,test837,1,shu0603n+837@gmail.com
202705,1955/6/27,test838,1,shu0603n+838@gmail.com
202706,1955/6/28,test839,1,shu0603n+839@gmail.com
202707,1955/6/29,test840,1,shu0603n+840@gmail.com
202708,1955/6/30,test841,1,shu0603n+841@gmail.com
202709,1955/7/1,test842,1,shu0603n+842@gmail.com
202710,1955/7/2,test843,1,shu0603n+843@gmail.com
202711,1955/7/3,test844,1,shu0603n+844@gmail.com
202712,1955/7/4,test845,1,shu0603n+845@gmail.com
202713,1955/7/5,test846,1,shu0603n+846@gmail.com
202714,1955/7/6,test847,1,shu0603n+847@gmail.com
202715,1955/7/7,test848,1,shu0603n+848@gmail.com
202716,1955/7/8,test849,1,shu0603n+849@gmail.com
202717,1955/7/9,test850,1,shu0603n+850@gmail.com
202718,1955/7/10,test851,1,shu0603n+851@gmail.com
202719,1955/7/11,test852,1,shu0603n+852@gmail.com
202720,1955/7/12,test853,1,shu0603n+853@gmail.com
202721,1955/7/13,test854,1,shu0603n+854@gmail.com
202722,1955/7/14,test855,1,shu0603n+855@gmail.com
202723,1955/7/15,test856,1,shu0603n+856@gmail.com
202724,1955/7/16,test857,1,shu0603n+857@gmail.com
202725,1955/7/17,test858,1,shu0603n+858@gmail.com
202726,1955/7/18,test859,1,shu0603n+859@gmail.com
202727,1955/7/19,test860,1,shu0603n+860@gmail.com
202728,1955/7/20,test861,1,shu0603n+861@gmail.com
202729,1955/7/21,test862,1,shu0603n+862@gmail.com
202730,1955/7/22,test863,1,shu0603n+863@gmail.com
202731,1955/7/23,test864,1,shu0603n+864@gmail.com
202732,1955/7/24,test865,1,shu0603n+865@gmail.com
202733,1955/7/25,test866,1,shu0603n+866@gmail.com
202734,1955/7/26,test867,1,shu0603n+867@gmail.com
202735,1955/7/27,test868,1,shu0603n+868@gmail.com
202736,1955/7/28,test869,1,shu0603n+869@gmail.com
202737,1955/7/29,test870,1,shu0603n+870@gmail.com
202738,1955/7/30,test871,1,shu0603n+871@gmail.com
202739,1955/7/31,test872,1,shu0603n+872@gmail.com
202740,1955/8/1,test873,1,shu0603n+873@gmail.com
202741,1955/8/2,test874,1,shu0603n+874@gmail.com
202742,1955/8/3,test875,1,shu0603n+875@gmail.com
202743,1955/8/4,test876,1,shu0603n+876@gmail.com
202744,1955/8/5,test877,1,shu0603n+877@gmail.com
202745,1955/8/6,test878,1,shu0603n+878@gmail.com
202746,1955/8/7,test879,1,shu0603n+879@gmail.com
202747,1955/8/8,test880,1,shu0603n+880@gmail.com
202748,1955/8/9,test881,1,shu0603n+881@gmail.com
202749,1955/8/10,test882,1,shu0603n+882@gmail.com
202750,1955/8/11,test883,1,shu0603n+883@gmail.com
202751,1955/8/12,test884,1,shu0603n+884@gmail.com
202752,1955/8/13,test885,1,shu0603n+885@gmail.com
202753,1955/8/14,test886,1,shu0603n+886@gmail.com
202754,1955/8/15,test887,1,shu0603n+887@gmail.com
202755,1955/8/16,test888,1,shu0603n+888@gmail.com
202756,1955/8/17,test889,1,shu0603n+889@gmail.com
202757,1955/8/18,test890,1,shu0603n+890@gmail.com
202758,1955/8/19,test891,1,shu0603n+891@gmail.com
202759,1955/8/20,test892,1,shu0603n+892@gmail.com
202760,1955/8/21,test893,1,shu0603n+893@gmail.com
202761,1955/8/22,test894,1,shu0603n+894@gmail.com
202762,1955/8/23,test895,1,shu0603n+895@gmail.com
202763,1955/8/24,test896,1,shu0603n+896@gmail.com
202764,1955/8/25,test897,1,shu0603n+897@gmail.com
202765,1955/8/26,test898,1,shu0603n+898@gmail.com
202766,1955/8/27,test899,1,shu0603n+899@gmail.com
202767,1955/8/28,test900,1,shu0603n+900@gmail.com
202768,1955/8/29,test901,1,shu0603n+901@gmail.com
202769,1955/8/30,test902,1,shu0603n+902@gmail.com
202770,1955/8/31,test903,1,shu0603n+903@gmail.com
202771,1955/9/1,test904,1,shu0603n+904@gmail.com
202772,1955/9/2,test905,1,shu0603n+905@gmail.com
202773,1955/9/3,test906,1,shu0603n+906@gmail.com
202774,1955/9/4,test907,1,shu0603n+907@gmail.com
202775,1955/9/5,test908,1,shu0603n+908@gmail.com
202776,1955/9/6,test909,1,shu0603n+909@gmail.com
202777,1955/9/7,test910,1,shu0603n+910@gmail.com
202778,1955/9/8,test911,1,shu0603n+911@gmail.com
202779,1955/9/9,test912,1,shu0603n+912@gmail.com
202780,1955/9/10,test913,1,shu0603n+913@gmail.com
202781,1955/9/11,test914,1,shu0603n+914@gmail.com
202782,1955/9/12,test915,1,shu0603n+915@gmail.com
202783,1955/9/13,test916,1,shu0603n+916@gmail.com
202784,1955/9/14,test917,1,shu0603n+917@gmail.com
202785,1955/9/15,test918,1,shu0603n+918@gmail.com
202786,1955/9/16,test919,1,shu0603n+919@gmail.com
202787,1955/9/17,test920,1,shu0603n+920@gmail.com
202788,1955/9/18,test921,1,shu0603n+921@gmail.com
202789,1955/9/19,test922,1,shu0603n+922@gmail.com
202790,1955/9/20,test923,1,shu0603n+923@gmail.com
202791,1955/9/21,test924,1,shu0603n+924@gmail.com
202792,1955/9/22,test925,1,shu0603n+925@gmail.com
202793,1955/9/23,test926,1,shu0603n+926@gmail.com
202794,1955/9/24,test927,1,shu0603n+927@gmail.com
202795,1955/9/25,test928,1,shu0603n+928@gmail.com
202796,1955/9/26,test929,1,shu0603n+929@gmail.com
202797,1955/9/27,test930,1,shu0603n+930@gmail.com
202798,1955/9/28,test931,1,shu0603n+931@gmail.com
202799,1955/9/29,test932,1,shu0603n+932@gmail.com
202800,1955/9/30,test933,1,shu0603n+933@gmail.com
202801,1955/10/1,test934,1,shu0603n+934@gmail.com
202802,1955/10/2,test935,1,shu0603n+935@gmail.com
202803,1955/10/3,test936,1,shu0603n+936@gmail.com
202804,1955/10/4,test937,1,shu0603n+937@gmail.com
202805,1955/10/5,test938,1,shu0603n+938@gmail.com
202806,1955/10/6,test939,1,shu0603n+939@gmail.com
202807,1955/10/7,test940,1,shu0603n+940@gmail.com
202808,1955/10/8,test941,1,shu0603n+941@gmail.com
202809,1955/10/9,test942,1,shu0603n+942@gmail.com
202810,1955/10/10,test943,1,shu0603n+943@gmail.com
202811,1955/10/11,test944,1,shu0603n+944@gmail.com
202812,1955/10/12,test945,1,shu0603n+945@gmail.com
202813,1955/10/13,test946,1,shu0603n+946@gmail.com
202814,1955/10/14,test947,1,shu0603n+947@gmail.com
202815,1955/10/15,test948,1,shu0603n+948@gmail.com
202816,1955/10/16,test949,1,shu0603n+949@gmail.com
202817,1955/10/17,test950,1,shu0603n+950@gmail.com
202818,1955/10/18,test951,1,shu0603n+951@gmail.com
202819,1955/10/19,test952,1,shu0603n+952@gmail.com
202820,1955/10/20,test953,1,shu0603n+953@gmail.com
202821,1955/10/21,test954,1,shu0603n+954@gmail.com
202822,1955/10/22,test955,1,shu0603n+955@gmail.com
202823,1955/10/23,test956,1,shu0603n+956@gmail.com
202824,1955/10/24,test957,1,shu0603n+957@gmail.com
202825,1955/10/25,test958,1,shu0603n+958@gmail.com
202826,1955/10/26,test959,1,shu0603n+959@gmail.com
202827,1955/10/27,test960,1,shu0603n+960@gmail.com
202828,1955/10/28,test961,1,shu0603n+961@gmail.com
202829,1955/10/29,test962,1,shu0603n+962@gmail.com
202830,1955/10/30,test963,1,shu0603n+963@gmail.com
202831,1955/10/31,test964,1,shu0603n+964@gmail.com
202832,1955/11/1,test965,1,shu0603n+965@gmail.com
202833,1955/11/2,test966,1,shu0603n+966@gmail.com
202834,1955/11/3,test967,1,shu0603n+967@gmail.com
202835,1955/11/4,test968,1,shu0603n+968@gmail.com
202836,1955/11/5,test969,1,shu0603n+969@gmail.com
202837,1955/11/6,test970,1,shu0603n+970@gmail.com
202838,1955/11/7,test971,1,shu0603n+971@gmail.com
202839,1955/11/8,test972,1,shu0603n+972@gmail.com
202840,1955/11/9,test973,1,shu0603n+973@gmail.com
202841,1955/11/10,test974,1,shu0603n+974@gmail.com
202842,1955/11/11,test975,1,shu0603n+975@gmail.com
202843,1955/11/12,test976,1,shu0603n+976@gmail.com
202844,1955/11/13,test977,1,shu0603n+977@gmail.com
202845,1955/11/14,test978,1,shu0603n+978@gmail.com
202846,1955/11/15,test979,1,shu0603n+979@gmail.com
202847,1955/11/16,test980,1,shu0603n+980@gmail.com
202848,1955/11/17,test981,1,shu0603n+981@gmail.com
202849,1955/11/18,test982,1,shu0603n+982@gmail.com
202850,1955/11/19,test983,1,shu0603n+983@gmail.com
202851,1955/11/20,test984,1,shu0603n+984@gmail.com
202852,1955/11/21,test985,1,shu0603n+985@gmail.com
202853,1955/11/22,test986,1,shu0603n+986@gmail.com
202854,1955/11/23,test987,1,shu0603n+987@gmail.com
202855,1955/11/24,test988,1,shu0603n+988@gmail.com
202856,1955/11/25,test989,1,shu0603n+989@gmail.com
202857,1955/11/26,test990,1,shu0603n+990@gmail.com
202858,1955/11/27,test991,1,shu0603n+991@gmail.com
202859,1955/11/28,test992,1,shu0603n+992@gmail.com
202860,1955/11/29,test993,1,shu0603n+993@gmail.com
202861,1955/11/30,test994,1,shu0603n+994@gmail.com
202862,1955/12/1,test995,1,shu0603n+995@gmail.com
202863,1955/12/2,test996,1,shu0603n+996@gmail.com
202864,1955/12/3,test997,1,shu0603n+997@gmail.com
202865,1955/12/4,test998,1,shu0603n+998@gmail.com
202866,1955/12/5,test999,1,shu0603n+999@gmail.com
202867,1955/12/6,test1000,1,shu0603n+1000@gmail.com
202868,1955/12/7,test1001,1,shu0603n+1001@gmail.com
202869,1955/12/8,test1002,1,shu0603n+1002@gmail.com
202870,1955/12/9,test1003,1,shu0603n+1003@gmail.com
202871,1955/12/10,test1004,1,shu0603n+1004@gmail.com
202872,1955/12/11,test1005,1,shu0603n+1005@gmail.com
202873,1955/12/12,test1006,1,shu0603n+1006@gmail.com
202874,1955/12/13,test1007,1,shu0603n+1007@gmail.com
202875,1955/12/14,test1008,1,shu0603n+1008@gmail.com
202876,1955/12/15,test1009,1,shu0603n+1009@gmail.com
202877,1955/12/16,test1010,1,shu0603n+1010@gmail.com
202878,1955/12/17,test1011,1,shu0603n+1011@gmail.com
202879,1955/12/18,test1012,1,shu0603n+1012@gmail.com
202880,1955/12/19,test1013,1,shu0603n+1013@gmail.com
202881,1955/12/20,test1014,1,shu0603n+1014@gmail.com
202882,1955/12/21,test1015,1,shu0603n+1015@gmail.com
202883,1955/12/22,test1016,1,shu0603n+1016@gmail.com
202884,1955/12/23,test1017,1,shu0603n+1017@gmail.com
202885,1955/12/24,test1018,1,shu0603n+1018@gmail.com
202886,1955/12/25,test1019,1,shu0603n+1019@gmail.com
202887,1955/12/26,test1020,1,shu0603n+1020@gmail.com
202888,1955/12/27,test1021,1,shu0603n+1021@gmail.com
202889,1955/12/28,test1022,1,shu0603n+1022@gmail.com
202890,1955/12/29,test1023,1,shu0603n+1023@gmail.com
202891,1955/12/30,test1024,1,shu0603n+1024@gmail.com
202892,1955/12/31,test1025,1,shu0603n+1025@gmail.com
202893,1956/1/1,test1026,1,shu0603n+1026@gmail.com
202894,1956/1/2,test1027,1,shu0603n+1027@gmail.com
202895,1956/1/3,test1028,1,shu0603n+1028@gmail.com
202896,1956/1/4,test1029,1,shu0603n+1029@gmail.com
202897,1956/1/5,test1030,1,shu0603n+1030@gmail.com
202898,1956/1/6,test1031,1,shu0603n+1031@gmail.com
202899,1956/1/7,test1032,1,shu0603n+1032@gmail.com
202900,1956/1/8,test1033,1,shu0603n+1033@gmail.com
202901,1956/1/9,test1034,1,shu0603n+1034@gmail.com
202902,1956/1/10,test1035,1,shu0603n+1035@gmail.com
202903,1956/1/11,test1036,1,shu0603n+1036@gmail.com
202904,1956/1/12,test1037,1,shu0603n+1037@gmail.com
202905,1956/1/13,test1038,1,shu0603n+1038@gmail.com
202906,1956/1/14,test1039,1,shu0603n+1039@gmail.com
202907,1956/1/15,test1040,1,shu0603n+1040@gmail.com
202908,1956/1/16,test1041,1,shu0603n+1041@gmail.com
202909,1956/1/17,test1042,1,shu0603n+1042@gmail.com
202910,1956/1/18,test1043,1,shu0603n+1043@gmail.com
202911,1956/1/19,test1044,1,shu0603n+1044@gmail.com
202912,1956/1/20,test1045,1,shu0603n+1045@gmail.com
202913,1956/1/21,test1046,1,shu0603n+1046@gmail.com
202914,1956/1/22,test1047,1,shu0603n+1047@gmail.com
202915,1956/1/23,test1048,1,shu0603n+1048@gmail.com
202916,1956/1/24,test1049,1,shu0603n+1049@gmail.com
202917,1956/1/25,test1050,1,shu0603n+1050@gmail.com
202918,1956/1/26,test1051,1,shu0603n+1051@gmail.com
202919,1956/1/27,test1052,1,shu0603n+1052@gmail.com
202920,1956/1/28,test1053,1,shu0603n+1053@gmail.com
202921,1956/1/29,test1054,1,shu0603n+1054@gmail.com
202922,1956/1/30,test1055,1,shu0603n+1055@gmail.com
202923,1956/1/31,test1056,1,shu0603n+1056@gmail.com
202924,1956/2/1,test1057,1,shu0603n+1057@gmail.com
202925,1956/2/2,test1058,1,shu0603n+1058@gmail.com
202926,1956/2/3,test1059,1,shu0603n+1059@gmail.com
202927,1956/2/4,test1060,1,shu0603n+1060@gmail.com
202928,1956/2/5,test1061,1,shu0603n+1061@gmail.com
202929,1956/2/6,test1062,1,shu0603n+1062@gmail.com
202930,1956/2/7,test1063,1,shu0603n+1063@gmail.com
202931,1956/2/8,test1064,1,shu0603n+1064@gmail.com
202932,1956/2/9,test1065,1,shu0603n+1065@gmail.com
202933,1956/2/10,test1066,1,shu0603n+1066@gmail.com
202934,1956/2/11,test1067,1,shu0603n+1067@gmail.com
202935,1956/2/12,test1068,1,shu0603n+1068@gmail.com
202936,1956/2/13,test1069,1,shu0603n+1069@gmail.com
202937,1956/2/14,test1070,1,shu0603n+1070@gmail.com
202938,1956/2/15,test1071,1,shu0603n+1071@gmail.com
202939,1956/2/16,test1072,1,shu0603n+1072@gmail.com
202940,1956/2/17,test1073,1,shu0603n+1073@gmail.com
202941,1956/2/18,test1074,1,shu0603n+1074@gmail.com
202942,1956/2/19,test1075,1,shu0603n+1075@gmail.com
202943,1956/2/20,test1076,1,shu0603n+1076@gmail.com
202944,1956/2/21,test1077,1,shu0603n+1077@gmail.com
202945,1956/2/22,test1078,1,shu0603n+1078@gmail.com
202946,1956/2/23,test1079,1,shu0603n+1079@gmail.com
202947,1956/2/24,test1080,1,shu0603n+1080@gmail.com
202948,1956/2/25,test1081,1,shu0603n+1081@gmail.com
202949,1956/2/26,test1082,1,shu0603n+1082@gmail.com
202950,1956/2/27,test1083,1,shu0603n+1083@gmail.com
202951,1956/2/28,test1084,1,shu0603n+1084@gmail.com
202952,1956/2/29,test1085,1,shu0603n+1085@gmail.com
202953,1956/3/1,test1086,1,shu0603n+1086@gmail.com
202954,1956/3/2,test1087,1,shu0603n+1087@gmail.com
202955,1956/3/3,test1088,1,shu0603n+1088@gmail.com
202956,1956/3/4,test1089,1,shu0603n+1089@gmail.com
202957,1956/3/5,test1090,1,shu0603n+1090@gmail.com
202958,1956/3/6,test1091,1,shu0603n+1091@gmail.com
202959,1956/3/7,test1092,1,shu0603n+1092@gmail.com
202960,1956/3/8,test1093,1,shu0603n+1093@gmail.com
202961,1956/3/9,test1094,1,shu0603n+1094@gmail.com
202962,1956/3/10,test1095,1,shu0603n+1095@gmail.com
202963,1956/3/11,test1096,1,shu0603n+1096@gmail.com
202964,1956/3/12,test1097,1,shu0603n+1097@gmail.com
202965,1956/3/13,test1098,1,shu0603n+1098@gmail.com
202966,1956/3/14,test1099,1,shu0603n+1099@gmail.com
202967,1956/3/15,test1100,1,shu0603n+1100@gmail.com
202968,1956/3/16,test1101,1,shu0603n+1101@gmail.com
202969,1956/3/17,test1102,1,shu0603n+1102@gmail.com
202970,1956/3/18,test1103,1,shu0603n+1103@gmail.com
202971,1956/3/19,test1104,1,shu0603n+1104@gmail.com
202972,1956/3/20,test1105,1,shu0603n+1105@gmail.com
202973,1956/3/21,test1106,1,shu0603n+1106@gmail.com
202974,1956/3/22,test1107,1,shu0603n+1107@gmail.com
202975,1956/3/23,test1108,1,shu0603n+1108@gmail.com
202976,1956/3/24,test1109,1,shu0603n+1109@gmail.com
202977,1956/3/25,test1110,1,shu0603n+1110@gmail.com
202978,1956/3/26,test1111,1,shu0603n+1111@gmail.com
202979,1956/3/27,test1112,1,shu0603n+1112@gmail.com
202980,1956/3/28,test1113,1,shu0603n+1113@gmail.com
202981,1956/3/29,test1114,1,shu0603n+1114@gmail.com
202982,1956/3/30,test1115,1,shu0603n+1115@gmail.com
202983,1956/3/31,test1116,1,shu0603n+1116@gmail.com
202984,1956/4/1,test1117,1,shu0603n+1117@gmail.com
202985,1956/4/2,test1118,1,shu0603n+1118@gmail.com
202986,1956/4/3,test1119,1,shu0603n+1119@gmail.com
202987,1956/4/4,test1120,1,shu0603n+1120@gmail.com
202988,1956/4/5,test1121,1,shu0603n+1121@gmail.com
202989,1956/4/6,test1122,1,shu0603n+1122@gmail.com
202990,1956/4/7,test1123,1,shu0603n+1123@gmail.com
202991,1956/4/8,test1124,1,shu0603n+1124@gmail.com
202992,1956/4/9,test1125,1,shu0603n+1125@gmail.com
202993,1956/4/10,test1126,1,shu0603n+1126@gmail.com
202994,1956/4/11,test1127,1,shu0603n+1127@gmail.com
202995,1956/4/12,test1128,1,shu0603n+1128@gmail.com
202996,1956/4/13,test1129,1,shu0603n+1129@gmail.com
202997,1956/4/14,test1130,1,shu0603n+1130@gmail.com
202998,1956/4/15,test1131,1,shu0603n+1131@gmail.com
202999,1956/4/16,test1132,1,shu0603n+1132@gmail.com
203000,1956/4/17,test1133,1,shu0603n+1133@gmail.com
203001,1956/4/18,test1134,1,shu0603n+1134@gmail.com
203002,1956/4/19,test1135,1,shu0603n+1135@gmail.com
203003,1956/4/20,test1136,1,shu0603n+1136@gmail.com
203004,1956/4/21,test1137,1,shu0603n+1137@gmail.com
203005,1956/4/22,test1138,1,shu0603n+1138@gmail.com
203006,1956/4/23,test1139,1,shu0603n+1139@gmail.com
203007,1956/4/24,test1140,1,shu0603n+1140@gmail.com
203008,1956/4/25,test1141,1,shu0603n+1141@gmail.com
203009,1956/4/26,test1142,1,shu0603n+1142@gmail.com
203010,1956/4/27,test1143,1,shu0603n+1143@gmail.com
203011,1956/4/28,test1144,1,shu0603n+1144@gmail.com
203012,1956/4/29,test1145,1,shu0603n+1145@gmail.com
203013,1956/4/30,test1146,1,shu0603n+1146@gmail.com
203014,1956/5/1,test1147,1,shu0603n+1147@gmail.com
203015,1956/5/2,test1148,1,shu0603n+1148@gmail.com
203016,1956/5/3,test1149,1,shu0603n+1149@gmail.com
203017,1956/5/4,test1150,1,shu0603n+1150@gmail.com
203018,1956/5/5,test1151,1,shu0603n+1151@gmail.com
203019,1956/5/6,test1152,1,shu0603n+1152@gmail.com
203020,1956/5/7,test1153,1,shu0603n+1153@gmail.com
203021,1956/5/8,test1154,1,shu0603n+1154@gmail.com
203022,1956/5/9,test1155,1,shu0603n+1155@gmail.com
203023,1956/5/10,test1156,1,shu0603n+1156@gmail.com
203024,1956/5/11,test1157,1,shu0603n+1157@gmail.com
203025,1956/5/12,test1158,1,shu0603n+1158@gmail.com
203026,1956/5/13,test1159,1,shu0603n+1159@gmail.com
203027,1956/5/14,test1160,1,shu0603n+1160@gmail.com
203028,1956/5/15,test1161,1,shu0603n+1161@gmail.com
203029,1956/5/16,test1162,1,shu0603n+1162@gmail.com
203030,1956/5/17,test1163,1,shu0603n+1163@gmail.com
203031,1956/5/18,test1164,1,shu0603n+1164@gmail.com
203032,1956/5/19,test1165,1,shu0603n+1165@gmail.com
203033,1956/5/20,test1166,1,shu0603n+1166@gmail.com
203034,1956/5/21,test1167,1,shu0603n+1167@gmail.com
203035,1956/5/22,test1168,1,shu0603n+1168@gmail.com
203036,1956/5/23,test1169,1,shu0603n+1169@gmail.com
203037,1956/5/24,test1170,1,shu0603n+1170@gmail.com
203038,1956/5/25,test1171,1,shu0603n+1171@gmail.com
203039,1956/5/26,test1172,1,shu0603n+1172@gmail.com
203040,1956/5/27,test1173,1,shu0603n+1173@gmail.com
203041,1956/5/28,test1174,1,shu0603n+1174@gmail.com
203042,1956/5/29,test1175,1,shu0603n+1175@gmail.com
203043,1956/5/30,test1176,1,shu0603n+1176@gmail.com
203044,1956/5/31,test1177,1,shu0603n+1177@gmail.com
203045,1956/6/1,test1178,1,shu0603n+1178@gmail.com
203046,1956/6/2,test1179,1,shu0603n+1179@gmail.com
203047,1956/6/3,test1180,1,shu0603n+1180@gmail.com
203048,1956/6/4,test1181,1,shu0603n+1181@gmail.com
203049,1956/6/5,test1182,1,shu0603n+1182@gmail.com
203050,1956/6/6,test1183,1,shu0603n+1183@gmail.com
203051,1956/6/7,test1184,1,shu0603n+1184@gmail.com
203052,1956/6/8,test1185,1,shu0603n+1185@gmail.com
203053,1956/6/9,test1186,1,shu0603n+1186@gmail.com
203054,1956/6/10,test1187,1,shu0603n+1187@gmail.com
203055,1956/6/11,test1188,1,shu0603n+1188@gmail.com
203056,1956/6/12,test1189,1,shu0603n+1189@gmail.com
203057,1956/6/13,test1190,1,shu0603n+1190@gmail.com
203058,1956/6/14,test1191,1,shu0603n+1191@gmail.com
203059,1956/6/15,test1192,1,shu0603n+1192@gmail.com
203060,1956/6/16,test1193,1,shu0603n+1193@gmail.com
203061,1956/6/17,test1194,1,shu0603n+1194@gmail.com
203062,1956/6/18,test1195,1,shu0603n+1195@gmail.com
203063,1956/6/19,test1196,1,shu0603n+1196@gmail.com
203064,1956/6/20,test1197,1,shu0603n+1197@gmail.com
203065,1956/6/21,test1198,1,shu0603n+1198@gmail.com
203066,1956/6/22,test1199,1,shu0603n+1199@gmail.com
203067,1956/6/23,test1200,1,shu0603n+1200@gmail.com
203068,1956/6/24,test1201,1,shu0603n+1201@gmail.com
203069,1956/6/25,test1202,1,shu0603n+1202@gmail.com
203070,1956/6/26,test1203,1,shu0603n+1203@gmail.com
203071,1956/6/27,test1204,1,shu0603n+1204@gmail.com
203072,1956/6/28,test1205,1,shu0603n+1205@gmail.com
203073,1956/6/29,test1206,1,shu0603n+1206@gmail.com
203074,1956/6/30,test1207,1,shu0603n+1207@gmail.com
203075,1956/7/1,test1208,1,shu0603n+1208@gmail.com
203076,1956/7/2,test1209,1,shu0603n+1209@gmail.com
203077,1956/7/3,test1210,1,shu0603n+1210@gmail.com
203078,1956/7/4,test1211,1,shu0603n+1211@gmail.com
203079,1956/7/5,test1212,1,shu0603n+1212@gmail.com
203080,1956/7/6,test1213,1,shu0603n+1213@gmail.com
203081,1956/7/7,test1214,1,shu0603n+1214@gmail.com
203082,1956/7/8,test1215,1,shu0603n+1215@gmail.com
203083,1956/7/9,test1216,1,shu0603n+1216@gmail.com
203084,1956/7/10,test1217,1,shu0603n+1217@gmail.com
203085,1956/7/11,test1218,1,shu0603n+1218@gmail.com
203086,1956/7/12,test1219,1,shu0603n+1219@gmail.com
203087,1956/7/13,test1220,1,shu0603n+1220@gmail.com
203088,1956/7/14,test1221,1,shu0603n+1221@gmail.com
203089,1956/7/15,test1222,1,shu0603n+1222@gmail.com
203090,1956/7/16,test1223,1,shu0603n+1223@gmail.com
203091,1956/7/17,test1224,1,shu0603n+1224@gmail.com
203092,1956/7/18,test1225,1,shu0603n+1225@gmail.com
203093,1956/7/19,test1226,1,shu0603n+1226@gmail.com
203094,1956/7/20,test1227,1,shu0603n+1227@gmail.com
203095,1956/7/21,test1228,1,shu0603n+1228@gmail.com
203096,1956/7/22,test1229,1,shu0603n+1229@gmail.com
203097,1956/7/23,test1230,1,shu0603n+1230@gmail.com
203098,1956/7/24,test1231,1,shu0603n+1231@gmail.com
203099,1956/7/25,test1232,1,shu0603n+1232@gmail.com
203100,1956/7/26,test1233,1,shu0603n+1233@gmail.com
203101,1956/7/27,test1234,1,shu0603n+1234@gmail.com
203102,1956/7/28,test1235,1,shu0603n+1235@gmail.com
203103,1956/7/29,test1236,1,shu0603n+1236@gmail.com
203104,1956/7/30,test1237,1,shu0603n+1237@gmail.com
203105,1956/7/31,test1238,1,shu0603n+1238@gmail.com
203106,1956/8/1,test1239,1,shu0603n+1239@gmail.com
203107,1956/8/2,test1240,1,shu0603n+1240@gmail.com
203108,1956/8/3,test1241,1,shu0603n+1241@gmail.com
203109,1956/8/4,test1242,1,shu0603n+1242@gmail.com
203110,1956/8/5,test1243,1,shu0603n+1243@gmail.com
203111,1956/8/6,test1244,1,shu0603n+1244@gmail.com
203112,1956/8/7,test1245,1,shu0603n+1245@gmail.com
203113,1956/8/8,test1246,1,shu0603n+1246@gmail.com
203114,1956/8/9,test1247,1,shu0603n+1247@gmail.com
203115,1956/8/10,test1248,1,shu0603n+1248@gmail.com
203116,1956/8/11,test1249,1,shu0603n+1249@gmail.com
203117,1956/8/12,test1250,1,shu0603n+1250@gmail.com
203118,1956/8/13,test1251,1,shu0603n+1251@gmail.com
203119,1956/8/14,test1252,1,shu0603n+1252@gmail.com
203120,1956/8/15,test1253,1,shu0603n+1253@gmail.com
203121,1956/8/16,test1254,1,shu0603n+1254@gmail.com
203122,1956/8/17,test1255,1,shu0603n+1255@gmail.com
203123,1956/8/18,test1256,1,shu0603n+1256@gmail.com
203124,1956/8/19,test1257,1,shu0603n+1257@gmail.com
203125,1956/8/20,test1258,1,shu0603n+1258@gmail.com
203126,1956/8/21,test1259,1,shu0603n+1259@gmail.com
203127,1956/8/22,test1260,1,shu0603n+1260@gmail.com
203128,1956/8/23,test1261,1,shu0603n+1261@gmail.com
203129,1956/8/24,test1262,1,shu0603n+1262@gmail.com
203130,1956/8/25,test1263,1,shu0603n+1263@gmail.com
203131,1956/8/26,test1264,1,shu0603n+1264@gmail.com
203132,1956/8/27,test1265,1,shu0603n+1265@gmail.com
203133,1956/8/28,test1266,1,shu0603n+1266@gmail.com
203134,1956/8/29,test1267,1,shu0603n+1267@gmail.com
203135,1956/8/30,test1268,1,shu0603n+1268@gmail.com
203136,1956/8/31,test1269,1,shu0603n+1269@gmail.com
203137,1956/9/1,test1270,1,shu0603n+1270@gmail.com
203138,1956/9/2,test1271,1,shu0603n+1271@gmail.com
203139,1956/9/3,test1272,1,shu0603n+1272@gmail.com
203140,1956/9/4,test1273,1,shu0603n+1273@gmail.com
203141,1956/9/5,test1274,1,shu0603n+1274@gmail.com
203142,1956/9/6,test1275,1,shu0603n+1275@gmail.com
203143,1956/9/7,test1276,1,shu0603n+1276@gmail.com
203144,1956/9/8,test1277,1,shu0603n+1277@gmail.com
203145,1956/9/9,test1278,1,shu0603n+1278@gmail.com
203146,1956/9/10,test1279,1,shu0603n+1279@gmail.com
203147,1956/9/11,test1280,1,shu0603n+1280@gmail.com
203148,1956/9/12,test1281,1,shu0603n+1281@gmail.com
203149,1956/9/13,test1282,1,shu0603n+1282@gmail.com
203150,1956/9/14,test1283,1,shu0603n+1283@gmail.com
203151,1956/9/15,test1284,1,shu0603n+1284@gmail.com
203152,1956/9/16,test1285,1,shu0603n+1285@gmail.com
203153,1956/9/17,test1286,1,shu0603n+1286@gmail.com
203154,1956/9/18,test1287,1,shu0603n+1287@gmail.com
203155,1956/9/19,test1288,1,shu0603n+1288@gmail.com
203156,1956/9/20,test1289,1,shu0603n+1289@gmail.com
203157,1956/9/21,test1290,1,shu0603n+1290@gmail.com
203158,1956/9/22,test1291,1,shu0603n+1291@gmail.com
203159,1956/9/23,test1292,1,shu0603n+1292@gmail.com
203160,1956/9/24,test1293,1,shu0603n+1293@gmail.com
203161,1956/9/25,test1294,1,shu0603n+1294@gmail.com
203162,1956/9/26,test1295,1,shu0603n+1295@gmail.com
203163,1956/9/27,test1296,1,shu0603n+1296@gmail.com
203164,1956/9/28,test1297,1,shu0603n+1297@gmail.com
203165,1956/9/29,test1298,1,shu0603n+1298@gmail.com
203166,1956/9/30,test1299,1,shu0603n+1299@gmail.com
203167,1956/10/1,test1300,1,shu0603n+1300@gmail.com
203168,1956/10/2,test1301,1,shu0603n+1301@gmail.com
203169,1956/10/3,test1302,1,shu0603n+1302@gmail.com
203170,1956/10/4,test1303,1,shu0603n+1303@gmail.com
203171,1956/10/5,test1304,1,shu0603n+1304@gmail.com
203172,1956/10/6,test1305,1,shu0603n+1305@gmail.com
203173,1956/10/7,test1306,1,shu0603n+1306@gmail.com
203174,1956/10/8,test1307,1,shu0603n+1307@gmail.com
203175,1956/10/9,test1308,1,shu0603n+1308@gmail.com
203176,1956/10/10,test1309,1,shu0603n+1309@gmail.com
203177,1956/10/11,test1310,1,shu0603n+1310@gmail.com
203178,1956/10/12,test1311,1,shu0603n+1311@gmail.com
203179,1956/10/13,test1312,1,shu0603n+1312@gmail.com
203180,1956/10/14,test1313,1,shu0603n+1313@gmail.com
203181,1956/10/15,test1314,1,shu0603n+1314@gmail.com
203182,1956/10/16,test1315,1,shu0603n+1315@gmail.com
203183,1956/10/17,test1316,1,shu0603n+1316@gmail.com
203184,1956/10/18,test1317,1,shu0603n+1317@gmail.com
203185,1956/10/19,test1318,1,shu0603n+1318@gmail.com
